{
  "com.liferay.client.extension.type.configuration.CETConfiguration~my-app-custom-element" : {
    ":configurator:policy" : "force",
    "baseURL" : "${portalURL}/o/my-app",
    "buildTimestamp" : 1713801549502,
    "description" : "",
    "dxp.lxc.liferay.com.virtualInstanceId" : "default",
    "name" : "My App Custom element",
    "projectId" : "myapp",
    "projectName" : "my-app",
    "properties" : [ ],
    "sourceCodeURL" : "",
    "type" : "customElement",
    "typeSettings" : [ "friendlyURLMapping=my-app", "instanceable=true", "urls=", "htmlElementName=my-app" ],
    "webContextPath" : "/my-app"
  },
  "com.liferay.client.extension.type.configuration.CETConfiguration~my-app-custom-element-js" : {
    ":configurator:policy" : "force",
    "baseURL" : "${portalURL}/o/my-app",
    "buildTimestamp" : 1713801549502,
    "description" : "",
    "dxp.lxc.liferay.com.virtualInstanceId" : "default",
    "name" : "My App Custom element JS",
    "projectId" : "myapp",
    "projectName" : "my-app",
    "properties" : [ ],
    "sourceCodeURL" : "",
    "type" : "globalJS",
    "typeSettings" : [ "url=js\\main.424e3d1f.js" ],
    "webContextPath" : "/my-app"
  }
}